id,datetime,username,tweets,edited,sentiment_intensity,sentiment,Anger,Anticipation,Disgust,Fear,Joy,Sadness,Surprise,Trust
629676040990924800,2015-08-07 15:30:41+00:00,DisruptKE,"Konza City is looking at clean energy, data intelligence and tech. for service delivery to residents, making it a smart city #DisruptFriday",konza city look clean energy data intelligence tech service delivery resident make smart city disruptfriday,0.8625,Positive,0,0,0,0,1,0,0,1
485859308505419776,2014-07-06 18:54:20+00:00,AyonaDatta,Kenya: Konza City in Sh2.2 Billion Deal With Tetra Tech for Smart city Development | @scoopit http://t.co/Y2EEmGpSBf,kenya konza city sh2.2 billion deal tetra tech smart city development scoopit,0.4019,Positive,0,2,0,0,1,0,1,1
666611587155951617,2015-11-17 13:39:22+00:00,konzatech,@konzatechnocity CEO making a presentation at China go abroad &amp; one belt one road smart cities forum @tanuijohn https://t.co/maMvYDspeC,konzatechnocity ceo make presentation china go abroad amp belt road smart city forum tanuijohn,0.4019,Positive,1,1,0,1,1,0,1,1
659299411806265344,2015-10-28 09:23:23+00:00,konzatech,We have employed the models used in ranking Smart Cities in the world to develop Konza. #KonzaIsReady https://t.co/2ITsXoxutL,employ model use rank smart city world develop konza konzaisready,0.4019,Positive,0,1,0,0,0,0,0,1
654299759717564416,2015-10-14 14:16:33+00:00,konzatech,Smart cities establish institutions and community-based problem solving and collaborations @MyGovKe @kenyavision2030 http://t.co/jaCNeZa7Dw,smart city establish institution problem solving collaboration mygovke kenyavision2030,0.34,Positive,0,0,0,1,0,1,0,1
654198199259934720,2015-10-14 07:32:59+00:00,konzatech,Do you understand a smart city? Keep it @konzatechnocity for a better understanding of smart cities and their roles. http://t.co/gLvyv7p2XM,understand smart city keep konzatechnocity good understanding smart city role,0.8074,Positive,0,1,0,0,1,0,1,1
674453559992303616,2015-12-09 05:00:34+00:00,oderrow,Kenya needs Konza tech city in plans to spur economic growth https://t.co/S4kZk129Qy via @BD_Africa,kenya need konza tech city plan spur economic growth bd_africa,0.3818,Positive,0,1,0,1,0,0,0,0
674130240550096897,2015-12-08 07:35:48+00:00,konzatech,Kenya needs Konza tech city in plans to spur economic growth @BD_Africa @tanuijohn https://t.co/aZxtan1ajo,kenya need konza tech city plan spur economic growth bd_africa tanuijohn,0.3818,Positive,0,1,0,1,0,0,0,0
674092492208345089,2015-12-08 05:05:48+00:00,tech_trumpton,Kenya needs Konza Camberwick Green to Spur Growth https://t.co/zKPYM3kqV1 #THEHOTBREAKFAST,kenya need konza camberwick green spur growth thehotbreakfast,0.3818,Positive,0,0,0,1,1,0,0,1
674091862651719680,2015-12-08 05:03:18+00:00,Surelynk,"Kenya needs Konza Tech City to Spur Growth
https://t.co/mBYlAkhmeT  #THEHOTBREAKFAST",kenya need konza tech city spur growth thehotbreakfast,0.3818,Positive,0,0,0,1,0,0,0,0
665112028235890688,2015-11-13 10:20:39+00:00,S_Grabowski,"Investors invited to develop initial phase of Konza City #tech #development #kenya

https://t.co/YOQpV1VEu6",investor invite develop initial phase konza city tech development kenya,0.1531,Positive,0,2,0,0,0,0,0,0
630987592222306304,2015-08-11 06:22:19+00:00,MissZambia,"#Kenya’s government is building a $14 billion dollar, 5,000 acre “#tech city” called Konza: http://t.co/cMUzkganSk #KOT #africa #fintech",kenya government build dollar acre tech city call konza kot africa fintech,0.0,Neutral,0,0,0,0,0,0,0,1
624189874510245888,2015-07-23 12:10:37+00:00,Benogola,"Looking at Kenya govt Twitter accounts, one would think #GES2015Kenya is a tourism fair. What's up with the tech city at Konza btw?",look kenya govt twitter account think ges2015kenya tourism fair tech city konza btw,0.3182,Positive,0,0,0,0,0,0,0,1
604315286582484992,2015-05-29 15:56:06+00:00,TimBarrick,Kenya's tech entrepreneurs shun Konza 'silicon savannah' — The Guardian http://t.co/U1ZkSKlnJC,kenya tech entrepreneur shun konza savannah guardian,0.0,Neutral,1,0,1,0,0,1,0,1
582984701213876226,2015-03-31 19:15:58+00:00,solomonking,"Listening to a presentation on Konza City, an ambitious tech city planned as Kenya's (next) Silicon Savannah #connectedEA",listen presentation konza city ambitious tech city plan kenya next silicon savannah connectedea,0.4767,Positive,0,2,0,0,1,0,1,1
577902157464281088,2015-03-17 18:39:45+00:00,Mbwana,"Cybercity, Ebene, Mauritius- failed tech Park turned Africa's Financial Services Hub - lesson for Kenya's Konza City? http://t.co/UgllmV3F43",cybercity ebene fail tech park turn africa financial service hub lesson kenya konza city,-0.5423,Negative,0,1,0,0,0,0,0,1
564012603362795520,2015-02-07 10:47:38+00:00,AnchorPropertyC,"Konza City is an idea to develop a new tech city in Kenya focused on education, life sciences, telecoms n business process outsourcing ^VM",konza city idea develop new tech city kenya focus education life science telecom n business process outsource,0.0,Neutral,0,1,0,0,0,0,0,0
555307107495723008,2015-01-14 10:15:06+00:00,Digieducation,Kenya's tech entrepreneurs shun Konza 'silicon savannah' | Global development | The Guardian http://t.co/lVtF87l8R5,kenya tech entrepreneur shun konza savannah global development guardian,0.0,Neutral,1,1,1,0,0,1,0,1
554329009585016832,2015-01-11 17:28:29+00:00,kabitha1430,"#Kenya #tech entrepeneurs skeptical of Konza ""Silicon Savannah"" Scheme #development http://t.co/6b8f4ACbTp via @guardian",kenya tech entrepeneurs skeptical konza silicon savannah scheme development guardian,-0.3182,Negative,0,1,0,0,0,0,0,1
552868074584436736,2015-01-07 16:43:15+00:00,NextEinsteinFor,Another interesting piece: #Kenya's #tech #entrepreneurs shun Konza 'silicon savannah' http://t.co/7zVVhIUVB0,interesting piece kenya tech entrepreneur shun konza savannah,0.4019,Positive,1,0,1,0,0,1,0,0
552802077525966849,2015-01-07 12:21:00+00:00,mougendi,The Guardian: Kenya's tech entrepreneurs shun Konza 'silicon savannah' http://t.co/PmBXhtAtWW,guardian kenya tech entrepreneur shun konza savannah,0.0,Neutral,1,0,1,0,0,1,0,1
552601785853308928,2015-01-06 23:05:07+00:00,Afrolehar,"MT @RitseOnline: #Kenya's #tech entrepreneurs shun #Konza #SiliconSavannah, prefer funding &amp; ICT capacity investments http://t.co/Gu0jQxJEjg",mt ritseonline kenya tech entrepreneur shun konza siliconsavannah prefer fund amp ict capacity investment,0.0,Neutral,1,0,1,0,0,1,0,1
552597351387656192,2015-01-06 22:47:29+00:00,RitseOnline,"#Kenya's #tech entrepreneurs shun #Konza #SiliconSavannah, express preferences for funding &amp; ICT capacity investments http://t.co/PKqBhyzHsz",kenya tech entrepreneur shun konza siliconsavannah express preference funding amp ict capacity investment,0.0,Neutral,1,0,1,0,0,1,0,1
552583509437861888,2015-01-06 21:52:29+00:00,GGAP,"Kenya's tech entrepreneurs shun Konza 'silicon savannah'

http://t.co/eCvnmJJi55

If you build it, they will come...... Maybe/hopefully",kenya tech entrepreneur shun konza savannah' build come,0.0,Neutral,1,0,1,0,0,1,0,0
552521922119225344,2015-01-06 17:47:46+00:00,dr_ian_mitchell,Kenya's tech entrepreneurs shun Konza 'silicon savannah' http://t.co/kfxMEEVt2N Is it too early to build an out-of-Nairobi hub? #LeanStartup,kenya tech entrepreneur shun konza savannah early build hub leanstartup,0.0,Neutral,1,0,1,0,0,1,0,0
552505780839383042,2015-01-06 16:43:37+00:00,mistersitati,"Kenya's tech entrepreneurs shun Konza 'silicon savannah' http://t.co/Naw3E9yxjW.. w all the incoming competition, Konza cld end up a refuge",kenya tech entrepreneur shun konza savannah w incoming competition konza cld end refuge,0.0,Neutral,1,0,1,0,0,1,0,0
552253234794885120,2015-01-06 00:00:06+00:00,ObadiasNdaba,"#Kenya's tech industry shunning #Konza. Market planning seems insufficient, with #basicfunding still lacking http://t.co/43zpg3i3Lu",kenya tech industry shun konza market planning seem insufficient basicfunding still lack,-0.3182,Negative,1,1,1,0,0,1,0,0
552215200225427456,2015-01-05 21:28:58+00:00,mikeehst,Good (better to focus on growing the tech companies)--&gt;Kenya's tech entrepreneurs shun Konza 'silicon savannah' http://t.co/hdWf4g03h2,good good focus grow tech company gt kenya tech entrepreneur shun konza savannah,0.7845,Positive,1,3,1,0,3,1,2,3
552157534870454273,2015-01-05 17:39:49+00:00,BillyBoen,Kenya's tech entrepreneurs shun Konza 'silicon savannah' | Global development | The Guardian http://t.co/nLwPbajjin via #gnewsApp,kenya tech entrepreneur shun konza savannah global development guardian gnewsapp,0.0,Neutral,1,1,1,0,0,1,0,1
552134708298256384,2015-01-05 16:09:07+00:00,sc0tt_ty,"Kenya's tech entrepreneurs shun Konza 'silicon savannah' - An artist’s impression of Konza Techno City, which will... http://t.co/LiwfeyVfHy",kenya tech entrepreneur shun konza savannah artist impression konza techno city,0.2263,Positive,1,0,1,0,0,1,0,0
552122401761157120,2015-01-05 15:20:13+00:00,JT_Startups,"Kenya's tech entrepreneurs shun Konza 'silicon savannah': With a booming tech sector in Nairobi, investors and... http://t.co/ov3oObcmu5",kenya tech entrepreneur shun konza savannah booming tech sector nairobi investor,0.0,Neutral,1,0,1,0,0,1,0,0
552120959834935297,2015-01-05 15:14:29+00:00,syedzafar5,#Kenya's tech entrepreneurs shun Konza 'silicon savannah': With a booming tech sector in… http://t.co/p7OfSHyARh,kenya tech entrepreneur shun konza savannah booming tech sector in…,0.0,Neutral,1,0,1,0,0,1,0,0
552118887647817728,2015-01-05 15:06:15+00:00,latikia,Kenya's tech entrepreneurs shun Konza 'silicon savannah' by Mark Anderson via Network Front | The Guardian http://t.co/tkTINh0sxq,kenya tech entrepreneur shun konza savannah mark anderson network front guardian,0.0,Neutral,1,1,1,0,0,1,0,1
552117931430400000,2015-01-05 15:02:27+00:00,DirectNetworks,"Kenya's tech entrepreneurs shun Konza 'silicon savannah' - With a booming tech sector in Nairobi, investors and en... http://t.co/4X4cYAowZW",kenya tech entrepreneur shun konza savannah booming tech sector nairobi investor en,0.0,Neutral,1,0,1,0,0,1,0,0
552117168108621825,2015-01-05 14:59:25+00:00,MosartOnline,"RT Kenya's tech entrepreneurs shun Konza 'silicon savannah': With a booming tech sector in Nairobi, investors ... http://t.co/2YjY2aeezx",rt kenya tech entrepreneur shun konza savannah booming tech sector nairobi investor,0.0,Neutral,1,0,1,0,0,1,0,0
552117148835778560,2015-01-05 14:59:20+00:00,bally_technews,#technologynews Kenya's tech entrepreneurs shun Konza 'silicon savannah': With a booming tech sec... http://t.co/XZorjm4klJ #ballychohan,technologynews kenya tech entrepreneur shun konza savannah booming tech sec ballychohan,0.0,Neutral,1,0,1,0,0,1,0,0
552116566381559809,2015-01-05 14:57:01+00:00,GroundWatchNews,Kenya's tech entrepreneurs shun Konza 'silicon savannah' http://t.co/usnRNTJe6t Latest World news | The Guardian,kenya tech entrepreneur shun konza savannah latest world news guardian,0.0,Neutral,1,0,1,0,0,1,0,1
552115497719058433,2015-01-05 14:52:47+00:00,DJLNR,"Kenya's tech entrepreneurs shun Konza 'silicon savannah' http://t.co/mu6IvS24Vm Network Front | The Guardian

With a booming tech secto...",kenya tech entrepreneur shun konza savannah network front guardian booming tech secto,0.0,Neutral,1,1,1,0,0,1,0,1
552114818082029568,2015-01-05 14:50:05+00:00,BreakingNews_nl,"Kenya's tech entrepreneurs shun Konza 'silicon savannah': With a booming tech sector in Nairobi,… http://t.co/nB1pvsyliu #guardian",kenya tech entrepreneur shun konza savannah booming tech sector nairobi guardian,0.0,Neutral,1,0,1,0,0,1,0,1
552112740261560322,2015-01-05 14:41:49+00:00,Tukang_Update,"#News: Kenya's tech entrepreneurs shun Konza 'silicon savannah': With a booming tech sector in Nairobi, in... http://t.co/zETkVDZnC7 #TU",news kenya tech entrepreneur shun konza savannah booming tech sector nairobi tu,0.0,Neutral,1,0,1,0,0,1,0,0
527067580662444032,2014-10-28 12:01:18+00:00,SmileandMobile,New #africa #tech post: Kenya: The Konza Technopolis Development Authority Seeks to Recruit New Chief http://t.co/SbvdYVVDFu #startups,new africa tech post kenya konza technopolis development authority seek recruit new chief startup,0.0772,Positive,0,2,0,0,0,0,0,1
523230894384246784,2014-10-17 21:55:41+00:00,builtworlds,"AFRICAN TECHNOPOLIS? A tech hub is emerging in the Nairobi suburb of Konza, a key part of Kenya's 'Vision 2030' plan. http://t.co/d7AkxIDJLg",african technopolis tech hub emerge nairobi suburb konza key part kenya plan,0.0,Neutral,0,1,0,0,0,0,0,0
507742888370130944,2014-09-05 04:11:52+00:00,kachwanya,"Is Kenya declining as a tech hub? Well, it depends on how you look at it..for sure the death of Konza city should not be part of the reasons",kenya decline tech hub depend look sure death konza city part reason,-0.3818,Negative,1,2,1,1,0,1,1,1
490155930890162176,2014-07-18 15:27:35+00:00,GOKenyaDaily,KENYA PLANS TO BE AFRICA'S IT HUB WITH THE ESTABLISHMENT OF THE KONZA TECH CITY -... http://t.co/ozUKkVceGO http://t.co/MOcYSvMb2u #kenya,kenya plan africa hub establishment konza tech city kenya,0.0,Neutral,0,1,0,0,0,0,0,1
490129909512036352,2014-07-18 13:44:11+00:00,Dayoshola,KENYA PLANS TO BE AFRICA'S IT HUB WITH THE ESTABLISHMENT OF THE KONZA TECH CITY - EL REPORTS: http://t.co/8JRiXP2wQJ via @YouTube,kenya plan africa hub establishment konza tech city el report youtube,0.0,Neutral,0,1,0,0,0,0,0,1
489431678511628288,2014-07-16 15:29:40+00:00,AfricaVCF,Billion dollar tech cities Hope (Ghana) and Konza (Kenya): Boon or bane to Africa’s tech movement? http://t.co/uE7AmeDBfP,billion dollar tech city hope ghana konza kenya boon bane africa tech movement,0.4404,Positive,1,1,1,1,1,0,1,1
487738510527303680,2014-07-11 23:21:37+00:00,NBXcotedivoire,Billion dollar tech cities – Ghana’s Hope and Kenya’s Konza Techno: Boon or bane to... http://t.co/pDxKl7rBqv http://t.co/dmK8Td2iFy,billion dollar tech city ghana hope kenya konza techno boon bane,0.4404,Positive,1,1,1,1,1,0,1,1
487626876295213056,2014-07-11 15:58:01+00:00,Abakwagirl,Are billion dollar #tech cities like Konza in #Kenya &amp; Hope City in #Ghana a boon or bane to Africa’s tech movement? http://t.co/WCKy37lJ4o?,dollar tech city konza kenya amp hope city ghana boon bane africa tech movement,0.4404,Positive,1,1,1,1,1,0,1,1
486583001506410496,2014-07-08 18:50:02+00:00,ELReports,Kenya is aiming at building a technology focused city to be called Konza City. The city is planned to be a tech... http://t.co/kFQfR5A5Y4,kenya aim build technology focus city call konza city city plan tech,0.0,Neutral,0,1,0,0,0,0,0,0
484662306681278464,2014-07-03 11:37:53+00:00,neildrewitt,#Ghana and #Kenya are committing billions of dollars to building tech capitals Hope and #Konza. http://t.co/SlqOfW7p4H,ghana kenya commit billion dollar build tech capital hope konza,0.6249,Positive,0,1,0,0,1,0,1,1
484272808587845633,2014-07-02 09:50:09+00:00,DotAfrica_tv,Konza City in Sh2.2 Billion Deal With Tetra Tech for Phase 1 Development http://t.co/Qddfntrmb5 #kenya via @allafrica,konza city sh2.2 billion deal tetra tech phase development kenya allafrica,0.0,Neutral,0,2,0,0,1,0,1,1
483887509365989376,2014-07-01 08:19:07+00:00,kenya_travels,Konza City in Sh2.2 Billion Deal With Tetra Tech for Phase 1 Development http://t.co/PESgHeD9jy,konza city sh2.2 billion deal tetra tech phase development,0.0,Neutral,0,2,0,0,1,0,1,1
481069442810781696,2014-06-23 13:41:07+00:00,africatechie,Construction of Kenya's Konza tech city challenged in court  http://t.co/S2hULrddvB,construction kenya konza tech city challenge court,0.0772,Positive,1,1,0,1,0,0,0,0
479607240530604033,2014-06-19 12:50:51+00:00,padbor,"#gounna_kenya An artists impression of the Konza Tech CityFor a good seven years now, it has been fashionable to... http://t.co/GGtUiKkwJO",artists impression konza tech cityfor good year fashionable,0.5859,Positive,0,1,0,0,1,0,1,1
472707140696965121,2014-05-31 11:52:19+00:00,Steve_RF,#Kenya #tech Konza starts to take shape: http://t.co/uPEUagUgXB,kenya tech konza start take shape,0.0,Neutral,0,1,0,0,0,0,0,0
465131117595873280,2014-05-10 14:07:54+00:00,serugo,Just watched a feature on Kenya's Konza Tech City on @cnbcafrica. Now there's a forward-thinking gov't. Time to launch a Digital Party.,watch feature kenya konza tech city cnbcafrica gov't time launch digital party,0.4019,Positive,0,3,0,1,0,0,0,1
465112936650772481,2014-05-10 12:55:40+00:00,Steve_RF,"The more we tell Konza City story, the more it grows  http://t.co/qjHmcMak3o via @The_EastAfrican #Kenya #tech",tell konza city story grow the_eastafrican kenya tech,0.0,Neutral,0,1,0,0,1,0,0,1
463360855678009345,2014-05-05 16:53:31+00:00,BILLYpascal,Tech cities and mega dams: Africa's giant infrastructure projects http://t.co/GVecZmi13c . Pour Konza ( Kenya ) attendez ... 2030 !,tech city mega dam africa giant infrastructure project pour konza kenya attendez,0.0,Neutral,0,0,0,1,0,0,0,0
442235209610584065,2014-03-08 09:47:44+00:00,ITWebAfrica,Buffer zone ban on Konza tech city development lifted: http://t.co/4jgLMpTl7d #Kenya,buffer ban konza tech city development lift kenya,-0.5574,Negative,0,1,0,0,0,0,0,0
441858962900516864,2014-03-07 08:52:40+00:00,mauricemuliko,"Buffer zone ban on Konza tech city development
lifted 

Last year in January, Kenya’s then president Mwai Kibaki... http://t.co/LaxuiIP7tl",buffer ban konza tech city development lift last year january kenya president mwai kibaki,-0.5574,Negative,0,1,0,0,0,0,0,0
441581316870402049,2014-03-06 14:29:24+00:00,RankaJ,Ban on Kenya's Konza tech city development lifted - @ITWebAfrica http://t.co/ydWJxXHDWc,ban kenya konza city development lift itwebafrica,-0.5574,Negative,0,1,0,0,0,0,0,0
434244751450062848,2014-02-14 08:36:31+00:00,nmatunda,Kenya Tech Scene: US firm bags Sh1.2 billion Konza city deal - Business - http://t.co/HvMqEwzSKf http://t.co/wPn0SsYrAp,kenya tech scene us firm bag sh1.2 konza city deal business,0.0,Neutral,0,1,0,0,1,0,1,1
413748203566034944,2013-12-19 19:10:33+00:00,Steve_RF,#Konza Legal vacuum delays work on Kenya’s technology city http://t.co/aJawxZxqHn via @BD_Africa #Kenya #tech,konza legal vacuum delay work kenya technology city bd_africa kenya tech,-0.2023,Negative,1,0,1,1,0,1,0,1
397352584211873792,2013-11-04 13:20:13+00:00,IPCheckIn,NEXT IPCheckIn: 9th Nov 2013 Venue: @StrathCIPIT Topic: TMT- Overview of practice in Kenya &amp;operations of tech cities:Konza city case study.,next ipcheckin nov venue strathcipit topic overview practice kenya amp operation tech city konza city case study,0.0,Neutral,0,0,0,1,0,1,0,0
377793980354027520,2013-09-11 14:01:18+00:00,AnanseOnline,Kenya’s governors tussle on Konza City location to delay project http://t.co/VESNndeHhb #Africa #tech #News,kenya governor tussle konza city location delay project africa tech news,-0.3182,Negative,1,0,1,1,0,1,0,1
369805211746836480,2013-08-20 12:56:47+00:00,HumanIPO,Invest in Konza: @UKenyatta urges China to put money into Kenya's tech city http://t.co/LK3QmfoJqg,invest konza ukenyatta urge china put money kenya tech city,0.0,Neutral,1,1,0,0,1,0,1,1
364483231585800192,2013-08-05 20:29:08+00:00,Andiswa_Mqt,"Kenya continues to invest in being Africa's tech capital: 
Konza investors to be exempt from income tax for 10 years http://t.co/OSb5Fw8Mds",kenya continue invest africa tech capital konza investor exempt income tax year,0.1027,Positive,0,0,0,0,0,1,0,0
362141913542950912,2013-07-30 09:25:35+00:00,ItsKyalo,"Kenya's tech city, Konza, is targeting completion in 2030. Ghana' tech city, Hope, is targeting completion in 2016",kenya tech city konza target completion ghana tech city hope target completion,0.4404,Positive,0,1,0,0,1,0,1,1
351418737439686656,2013-06-30 19:15:30+00:00,jlhornberg,Yes. Worth watching that space! @Rachsahni: Africa's Tech cities... Urban future or Utopian Fantasy? #Kenya #Konza http://t.co/CVgrmZHPyT,worth watch space rachsahni africa tech city urban future utopian fantasy kenya konza,0.2263,Positive,0,2,0,1,1,0,0,1
351411251177459712,2013-06-30 18:45:45+00:00,Rachsahni,Africa's Tech cities... Urban future or Utopian Fantasy? #Kenya #Konza http://t.co/elCPsfNVAC,africa tech city urban future utopian fantasy kenya konza,0.0,Neutral,0,1,0,0,1,0,0,1
347956672267943936,2013-06-21 05:58:30+00:00,Steve_RF,#Kenya #Budget: Did #ICT win or lose? http://t.co/8JtrVHkils #tech #Konza,kenya budget ict win lose tech konza,0.2732,Positive,1,0,1,1,0,1,1,1
346969609020252161,2013-06-18 12:36:15+00:00,rondaz_g,#Kenya: Govt launches forum to include #local communities in planning &amp; development of high-tech Konza City http://t.co/D8bwhoqEVF #ict4d,kenya govt launch forum include local community plan amp development konza city ict4d,0.0,Neutral,0,3,0,0,0,0,0,0
346167455716098048,2013-06-16 07:28:47+00:00,Steve_RF,Matiang’i pushes for laws to curb slums near Konza http://t.co/LdESzcQ8tF via @BD_Africa #Kenya #Konza #tech,matiang push law curb slum konza bd_africa kenya konza tech,0.0,Neutral,0,0,1,0,0,0,0,1
345469013566054400,2013-06-14 09:13:25+00:00,Olekiptoo,@KahawaTungu @lindahoguttu In 2yrs time with Konza ICT coming Up Kenya will be Africa Info Tech HQ. Think Digital &amp; Look to the Future! :-),kahawatungu lindahoguttu time konza ict come kenya africa info tech hq think digital amp look future,0.0,Neutral,0,1,0,0,0,0,0,1
345058948447080449,2013-06-13 06:03:58+00:00,Blogs_Kenya,"[KACHWANYA] Tetra Tech Will be Everything in Konza City, as the Construction Expected to Start ... http://t.co/yJN6xM2oug via @kachwanya",kachwanya tetra tech everything konza city construction expected start kachwanya,0.0,Neutral,0,2,0,0,0,0,1,1
340058987145879552,2013-05-30 10:55:55+00:00,ErasmusMweene,Gleaming high-tech cities planned across Africa. #Konza #Eko #King #Tatu #Hope #Kenya #Kigali Cities. @CNN http://t.co/E2g7gSHnlW,gleam city plan africa konza eko king tatu hope kenya kigali city cnn,0.4404,Positive,0,2,0,0,1,0,1,1
326313314391060481,2013-04-22 12:35:31+00:00,Steve_RF,Caution amid euphoria over Kenya's Konza Silicon Savannah: http://t.co/saO0lsy90o #Kenya #tech,caution euphoria kenya konza silicon savannah kenya tech,0.6486,Positive,1,1,0,1,0,0,0,0
319929944585162752,2013-04-04 21:50:17+00:00,IdeaspaceGlobal,"Heard of Silicon Savannah? Starting now - Kenya's Konza Tech City 200,000 jobs over 20yrs $14.5bn http://t.co/OHFbkTWZ6W #gec2013 #gew",heard silicon savannah start kenya konza tech city job gec2013 gew,0.0,Neutral,0,1,0,0,0,0,0,0
319522789218455552,2013-04-03 18:52:24+00:00,sirEnock,"""@african_news: #Ghana is planning a tech city like #Kenya's yet to be built Konza city. Are we just building castles in the sky?""",african_news ghana plan tech city kenya yet build konza city build castle sky,0.0,Neutral,0,1,0,0,0,0,0,0
319520597585575936,2013-04-03 18:43:41+00:00,african_news,#Ghana is planning a tech city like #Kenya's yet to be built Konza city. Are we just building castles in the sky?,ghana plan tech city kenya yet build konza city build castle sky,0.0,Neutral,0,1,0,0,0,0,0,0
315181734121582592,2013-03-22 19:22:35+00:00,Steve_RF,Telecom firms and banks lead race for Konza  http://t.co/k4QGDeSprr #Kenya #tech #Konza,telecom firm bank lead race konza kenya tech konza,0.0,Neutral,0,0,0,0,0,0,0,1
314051039844237312,2013-03-19 16:29:37+00:00,TechExecutive,Kathryn Cave (Kenya) – How Does Konza Tech City Square with the Post-Election Mess? http://t.co/U1YgkdRSaV,kathryn cave kenya doe konza tech city square mess,-0.3612,Negative,0,0,1,0,0,0,0,0
314019463617970177,2013-03-19 14:24:08+00:00,creymond,Kathryn Cave (Kenya) – How Does Konza Tech City Square with the Post-Election Mess? http://t.co/2GvGQSzubB via @idgconnect,kathryn cave kenya doe konza tech city square mess idgconnect,-0.3612,Negative,0,0,1,0,0,0,0,0
313943307220811776,2013-03-19 09:21:31+00:00,BRIGHTZEED,Finally RT @rombokins ghana to build tech city/hub similar to kenya's konza city vision. here comes the ... http://t.co/A91eGdh8W8,finally rt rombokins ghana build tech similar kenya konza city vision come,0.25,Positive,0,1,0,0,0,0,0,0
313935085554499585,2013-03-19 08:48:51+00:00,rombokins,"ghana to build tech city/hub similar to kenya's konza city vision. here comes the competition, nice! http://t.co/Zg5NZ4Lqeh via @kopalo",ghana build tech similar kenya konza city vision come competition nice kopalo,0.5859,Positive,0,1,0,0,0,0,0,0
310537186170793984,2013-03-09 23:46:49+00:00,VutozvutosVuto,": Ghana to mimic Kenya's Konza Tech City: proposes ""Hope City"" ICT Hub: http://t.co/7IdFIGWtjV is #Zambia waiting to see your plans",ghana mimic kenya konza tech city propose hope city ict hub zambia wait see plan,0.4404,Positive,0,3,0,0,1,0,1,1
309588073065361408,2013-03-07 08:55:23+00:00,Kenyalawyer,"IEBC has severely dented Kenya's image and reputation as a tech hub. Konza City delivery team, are you watching?",iebc severely dent kenya image reputation tech hub konza city delivery team watch,-0.4588,Negative,0,1,0,1,0,0,0,1
309365483671535617,2013-03-06 18:10:53+00:00,AdetoyeAguessy,"CapeTown in SA, Konza Techno City in Kenya and now Hope City in Ghana as the west africa tech hub project. http://t.co/tAZdHgJJMH",capetown sa konza techno city kenya hope city ghana west africa tech hub project,0.4404,Positive,0,1,0,0,1,0,1,1
309332407230795776,2013-03-06 15:59:27+00:00,Bauzeitgeist,"Ghana to mimic Kenya's Konza Tech City: proposes ""Hope City"" ICT Hub: http://t.co/jGZnzbvyIj 6-tower development, including Africa's tallest",ghana mimic kenya konza tech city propose hope city ict hub development include africa tall,0.4404,Positive,0,2,0,0,1,0,1,1
309022185555648514,2013-03-05 19:26:45+00:00,SolitudeChosen,"Also Kenya embarking on Konza Tech City Project ($14.5bn budget), that will create 200,000 jobs by 2030. Great strides in Africa!",also kenya embark konza tech city project budget create job great stride africa,0.7351,Positive,0,0,0,0,0,0,0,1
308798421647642624,2013-03-05 04:37:35+00:00,Sunkissedbird,"Ghana-hope city, Kenya- konza tech city- if Tz can't smell the coffee about time we cut our nose off! #infrastructure #technology",city konza tz n't smell coffee time cut nose infrastructure technology,-0.2732,Negative,1,1,2,0,0,0,0,0
298025140493623297,2013-02-03 11:08:25+00:00,ungerik,"Great vision, or waste of money? Kenya kickstarts multi-billion-dollar Konza Tech City http://t.co/ZVd7zCv6",great vision waste money kenya kickstarts konza tech city,0.5106,Positive,1,2,0,0,1,0,1,1
297653595350904832,2013-02-02 10:32:01+00:00,theBHRadio,The only threat to Kenya: Ground-breaking Tech City In Konza Launched is old forces of corruption. http://t.co/MthyCTyT,threat kenya tech city konza launched old force corruption,-0.4404,Negative,1,1,0,1,0,0,0,0
297172549438144512,2013-02-01 02:40:31+00:00,nanaspio,"Konza ICT City project ($300m) broke ground in Kenya. It will develop 5K acres of land &amp; incl. hospital, science park &amp; tech university.",konza ict city project break ground kenya develop acre land amp incl hospital science park amp university,0.0,Neutral,0,1,0,0,0,0,1,1
297033929578389504,2013-01-31 17:29:42+00:00,jimharland,"Kenya kickstarts multi-billion-dollar Konza Tech City
The Kenyan government intends to spend a reported US$14… http://t.co/JbNsSlWe",kenya kickstarts konza tech city kenyan government intend spend report u,0.0,Neutral,0,0,0,0,0,0,0,2
296897156932055040,2013-01-31 08:26:12+00:00,PlanetGroupBD,"Kenya kickstarts multi-billion-dollar Konza Tech City

By James Holloway

The Kenyan government intends to... http://t.co/7ceqBWWb",kenya kickstarts konza tech city james holloway kenyan government intend,0.0,Neutral,0,0,0,0,0,0,0,2
296628714068910080,2013-01-30 14:39:31+00:00,cluster_az,#Gizmag Kenya kickstarts multi-billion-dollar Konza Tech City: The Kenyan government intends to spend a reported... http://t.co/RyvtJDeI,gizmag kenya kickstarts konza tech city kenyan government intend spend reported,0.0,Neutral,0,0,0,0,0,0,0,2
296499256192299008,2013-01-30 06:05:06+00:00,timchege,We must ensure Konza city succeeds: http://t.co/nLbEt1Y4 … via @BD_Africa | @jaindikisero @konza_city | #kenya #konza #economy #tech,ensure konza city succeed bd_africa jaindikisero konza_city kenya konza economy tech,0.7003,Positive,0,1,0,0,1,0,1,1
296126103024713728,2013-01-29 05:22:19+00:00,RugabaAgaba,I guess it is only logical that one re-aligns their retirement plan to owning a luxury apartment in #Kenya's #Konza Tech City.,guess logical retirement plan luxury apartment kenya konza tech city,0.0,Neutral,0,1,0,0,0,0,1,0
295101249450278912,2013-01-26 09:29:55+00:00,Leomunga,#Kenya kicks of construction of mega #ICT park - Konza Tech City - http://t.co/iu8WZ4Nc . Way to go! @pnyirishema @LucyMbabazi,kenya kick construction mega ict park konza tech city way go pnyirishema lucymbabazi,0.0,Neutral,1,0,0,0,0,0,0,0
295043363302952960,2013-01-26 05:39:54+00:00,kainvestor,"""@Ronnick_: Konza city, Kenya's 'Silicon Savannah' a $10billion project set to challenge India's tech giants"" &lt;-- listen to your self.",ronnick_ konza city kenya savannah project set challenge india tech giant listen self,0.0772,Positive,0,0,0,1,0,0,0,0
294918719740727297,2013-01-25 21:24:36+00:00,Mic3021,"RT @sustaincities @UT_Env someone snuck the Montreal Olympic Stadium into the rendering of Konza Tech City, Kenya http://t.co/iotVyBzW",rt sustaincities ut_env someone sneak montreal olympic stadium rendering konza tech city kenya,0.0,Neutral,1,0,0,1,0,0,1,0
294866919532687362,2013-01-25 17:58:46+00:00,timchege,Konza city launch opens new frontier for investors: http://t.co/Eddr8Bys via @BD_Africa | #tech #kenya #africa | http://t.co/7mbUfN9K,konza city launch open new frontier investor bd_africa tech kenya africa,0.0,Neutral,0,1,0,0,0,0,0,0
294850090697363456,2013-01-25 16:51:54+00:00,deoafema,@Calestous RT #Africa SiliconSavannah: #Kenya's President launches plan to build tech city #Konza - http://t.co/e5xsodvI  #iwant2work4africa,calestous rt africa siliconsavannah kenya president launch plan build tech city konza iwant2work4africa,0.0,Neutral,0,2,0,0,0,0,0,0
294837121347366913,2013-01-25 16:00:22+00:00,HeleneSmertnik,KONZA TECH CITY OFFICIALLY LAUNCHED ! Youhou ! http://t.co/GJ63LZeb #kenya #Nairobi #ICT #ICT4D,konza tech city officially launched youhou kenya nairobi ict ict4d,0.128,Positive,0,1,0,0,0,0,0,0
294723574831394816,2013-01-25 08:29:10+00:00,GpsMediaNews,Konza: Where Africa's Silicon Savanna Begins. Vision of Kenya's Tech City | ICTWorks,konza africa silicon savanna begin vision kenya tech city ictworks,0.25,Positive,0,1,0,0,0,0,0,0
294536612858175488,2013-01-24 20:06:15+00:00,akanchawadotcom,"Kenya: Tech City to Provide 200,000 Jobs - President: [The Star]The initial structures in Konza Techno City will... http://t.co/nDsXWRf5",kenya tech city provide job president star initial structure konza techno city,0.0,Neutral,0,1,0,0,1,0,0,1
294536609930563584,2013-01-24 20:06:14+00:00,akanchawadotcom,"Kenya: Tech City Jobs, Railway Expected in Three Years: [The Star]The initial structures in Konza Techno City wi... http://t.co/XejozI82",kenya tech city job railway expected year star initial structure konza techno city wi,0.0,Neutral,0,2,0,0,1,0,1,2
294408786553208833,2013-01-24 11:38:19+00:00,kdotieno,@konza_city Your cue RT  @VenturesAfrica: Google’s Boss Eric Schmidt Projects Kenya As Africa’s Tech Leader http://t.co/RaRfGvNV,konza_city cue rt venturesafrica google bos eric schmidt project kenya africa tech leader,0.0,Neutral,0,1,0,0,0,0,0,1
294384774972309505,2013-01-24 10:02:54+00:00,juliusmakodera,UGANDA TALK ABOUT THE COUP..WHILE KENYA LAUNCHES HIGH TECH CITY#KONZA CITY#,uganda talk coup kenya launch high tech city konza city,0.0,Neutral,1,1,0,0,0,0,1,0
294350921759084545,2013-01-24 07:48:23+00:00,ThabitSenior,"Kenya expects Samsung, RiM, Boeing, Fedex, Huawei,  and more companies  to move to #Konza Tech City 
http://t.co/E75qXRPX",kenya expect samsung rim boeing fedex huawei company move konza tech city,0.0,Neutral,0,1,0,0,0,0,1,1
294336500437487616,2013-01-24 06:51:04+00:00,Africa_Univ,MT @BBCAfrica: #Africa's Silicon Savannah: #Kenya's President #Kibaki launches project 2 build tech city #Konza - http://t.co/PSbqCvgm,mt bbcafrica africa silicon savannah kenya president kibaki launch project build tech city konza,0.0,Neutral,0,1,0,0,0,0,0,0
294245131744321536,2013-01-24 00:48:00+00:00,finanz101,"#AfricaRising Kenya: Tech City Opens Gates - [Capital FM]Nairobi -The much awaited historic Konza Technology City, w... http://t.co/3pLcnP7G",africarising kenya tech city open gate capital fm nairobi much await historic konza technology city w,0.1027,Positive,0,1,0,0,0,0,0,1
294198852964212736,2013-01-23 21:44:07+00:00,AMGlobal,#Kenya's 'Silicon Savannah' construction begins today at #Konza. Can't wait to see the East African tech sector grow! http://t.co/hJHgZjR1,kenya savannah construction begin today konza ca n't wait see east african tech sector grow,0.0,Neutral,0,2,0,0,1,0,0,1
294184008806453248,2013-01-23 20:45:08+00:00,CaretFeed,"Kenya: Tech City Opens Gates: [Capital FM]Nairobi -The much awaited historic Konza Technology City, which ... http://t.co/jhByzrWk #news",kenya tech city open gate capital fm nairobi much await historic konza technology city news,0.1027,Positive,0,1,0,0,0,0,0,1
294180105717178369,2013-01-23 20:29:37+00:00,AfricaNewsMedia,"Kenya: Tech City Opens Gates: [Capital FM]Nairobi -The much awaited historic Konza Technology City, which is equ... http://t.co/RgGYeBzo",kenya tech city open gate capital fm nairobi much await historic konza technology city equ,0.1027,Positive,0,1,0,0,0,0,0,1
294179643429359617,2013-01-23 20:27:47+00:00,RwiTech,Africa ICT Update: Kenya: Tech City Opens Gates - [Capital FM]Nairobi -The much awaited historic Konza Technology Ci... http://t.co/xqm7baFS,africa ict update kenya tech city open gate capital fm nairobi much await historic konza technology ci,0.1027,Positive,0,1,0,0,0,0,0,1
294179256177655808,2013-01-23 20:26:14+00:00,vivianonano,BBC News - Kenya begins construction of 'silicon' city Konza http://t.co/pFT9Wlpg #tech #jobs #employment #Kenya,bbc news kenya begin construction city konza tech job employment kenya,0.0,Neutral,0,0,0,0,0,0,0,1
294177692461461505,2013-01-23 20:20:02+00:00,Tofbalzy1,"Kenya: Tech City Opens Gates: Nairobi — The much awaited historic Konza Technology City, which is equated to the... http://t.co/4RQHilw2",kenya tech city open gate nairobi much await historic konza technology city equate,0.1027,Positive,0,1,0,0,0,0,0,1
294172652241825792,2013-01-23 20:00:00+00:00,GGIPE,20 yrs is a long time in the tech world. BBC News - Kenya begins construction of 'silicon' city Konza http://t.co/PguOHSU2,yr long time tech world bbc news kenya begin construction city konza,0.0,Neutral,0,2,0,0,0,0,0,0
294171528122220544,2013-01-23 19:55:32+00:00,cmartinshields,Some thoughts and concerns about a BBC article I read about Konza Technology City: http://t.co/5T3YjVa5 #tech #investment #Africa #Kenya,thought concern bbc article read konza technology city tech investment africa kenya,0.0,Neutral,0,1,0,0,0,0,0,0
294167596293570561,2013-01-23 19:39:54+00:00,SubSaharaS,"RT ""@CameroonTV: Kenya: Tech City Opens Gates: [Capital FM]Nairobi -The much awaited historic Konza Technology City... http://t.co/GoiObn9k""",rt cameroontv kenya tech city open gate capital fm nairobi much await historic konza technology city,0.1027,Positive,0,1,0,0,0,0,0,1
294165598655631360,2013-01-23 19:31:58+00:00,rayrrobyn,"#africa Kenya: Tech City Opens Gates: [Capital FM]Nairobi -The much awaited historic Konza Technology City, whic... http://t.co/4fkFKZFA",africa kenya tech city open gate capital fm nairobi much await historic konza technology city whic,0.1027,Positive,0,1,0,0,0,0,0,1
294165594163527681,2013-01-23 19:31:57+00:00,InfoCommando,"Kenya: Tech City Opens Gates: [Capital FM]Nairobi -The much awaited historic Konza Technology City, whic... http://t.co/G3f1lp9h #Africa",kenya tech city open gate capital fm nairobi much await historic konza technology city whic africa,0.1027,Positive,0,1,0,0,0,0,0,1
294165593966379008,2013-01-23 19:31:57+00:00,DTNLibya,DTN Libya Unrest: Kenya: Tech City Opens Gates: [Capital FM]Nairobi -The much awaited historic Konza Technology ... http://t.co/rckdBCuo,dtn libya unrest kenya tech city open gate capital fm nairobi much await historic konza technology,0.1027,Positive,0,1,0,1,0,1,0,1
294165585233850368,2013-01-23 19:31:55+00:00,Mba_Ihe,"Wow, thats the kind of ambition Africa needs “@BBCAfrica: Africa's Silicon Savannah: Kenya launches tech city #Konza - http://t.co/bSDHAsYw""",wow thats kind ambition africa need bbcafrica africa silicon savannah kenya launch tech city konza,0.802,Positive,0,1,0,0,1,0,0,1
294140090609963008,2013-01-23 17:50:37+00:00,MalawiElects,"Kenya's Kibaki launches construction of $14.5bn Konza tech city, Africa's silicon savannah &amp; tech hub",kenya kibaki launch construction konza tech city africa silicon savannah amp hub,0.0,Neutral,0,1,0,0,0,0,0,0
294101826779885569,2013-01-23 15:18:34+00:00,dcfinanceinvest,Kenya seeks #datacentres for new tech city: BBC - Kenya begins construction of 'silicon' city Konza http://t.co/9jvUOnxQ,kenya seek datacentres new tech city bbc kenya begin construction city konza,0.0,Neutral,0,1,0,0,0,0,0,0
294087499750440964,2013-01-23 14:21:38+00:00,masakeonline,#Africa's Silicon Savannah: #Kenya launches ambitious project to build tech city #Konza - http://t.co/9ETMnED6 What are we upto as Uganda?,africa silicon savannah kenya launch ambitious project build tech city konza upto uganda,0.4767,Positive,0,1,0,0,0,0,0,0
294086812970938368,2013-01-23 14:18:54+00:00,rakidi,RT @BBCAfrica: #Africa's Silicon Savannah: #Kenya's President #Kibaki launches a project to build tech city #Konza - http://t.co/kB3LHcuy,rt bbcafrica africa silicon savannah kenya president kibaki launch project build tech city konza,0.0,Neutral,0,1,0,0,0,0,0,0
294086698848092160,2013-01-23 14:18:27+00:00,flonjau,"""@BBCAfrica: #Africa's Silicon Savannah: #Kenya's President #Kibaki launches a project to build tech city #Konza - http://t.co/XhuGdrPa ...""",bbcafrica africa silicon savannah kenya president kibaki launch project build tech city konza,0.0,Neutral,0,1,0,0,0,0,0,0
294086008541159424,2013-01-23 14:15:42+00:00,BBCAfrica,#Africa's Silicon Savannah: #Kenya's President #Kibaki launches a project to build tech city #Konza - http://t.co/jWMp0Eh2 #business,africa silicon savannah kenya president kibaki launch project build tech city konza business,0.0,Neutral,0,1,0,0,0,0,0,0
294065056428220416,2013-01-23 12:52:27+00:00,MosesAmone,"The internet buzz today is all about Kenya's #Konza city, her new Tech capital. This should serve as an eye opener to all her EA neighbors",internet buzz today kenya konza city new tech capital serve eye opener ea neighbor,0.0,Neutral,0,2,0,1,0,0,0,1
294035843239256064,2013-01-23 10:56:22+00:00,iddsalim,"Speaking from the ground. And as an authority, the Kenya Tech Scene will be ready for  #KonzaCity #Konza in 2040. We got it all wrong.",speak ground authority kenya tech scene ready konzacity konza get wrong,-0.0772,Negative,0,0,0,0,0,0,0,2
294033032283836416,2013-01-23 10:45:12+00:00,maywahito,"konza mission:ensure it grows into a sustainable,wrld-class tech hub n a major econmic drver for the ntion.#konzacitylaunch @CapitalFM_kenya",konza mission ensure grow sustainable tech hub major econmic drver ntion. konzacitylaunch capitalfm_kenya,0.3818,Positive,0,1,0,0,1,0,0,1
294007159614750721,2013-01-23 09:02:23+00:00,ITWebAfrica,President Mwai Kibaki is to preside over the ground breaking of Kenya's Konza tech city today  #SiliconSavannah. http://t.co/lL4K7oeq,president mwai kibaki preside ground breaking kenya konza tech city today siliconsavannah,0.0,Neutral,0,0,0,0,0,0,1,1
294005405762326528,2013-01-23 08:55:25+00:00,alfngete,@bantigito I expect the tech city to propel Kenya into the number one position for BPO ahead of India and Philippines #Konza,bantigito expect tech city propel kenya number position bpo ahead india philippine konza,0.0772,Positive,0,1,0,0,0,0,1,1
294000166090964992,2013-01-23 08:34:36+00:00,Kan_Unkat,"Its more than a century since a city has been started  in #Kenya. Today is a marker as #vision2030 Konza tech city is launched.Thumbsup
#KOT",century city start kenya today marker vision2030 konza tech city launched.thumbsup kot,0.0,Neutral,0,1,0,0,0,0,0,0
293966692424495104,2013-01-23 06:21:35+00:00,KPDA_Ke,Kenya Property Developers Association congratulates the Govt of Kenya on the ground breaking of #Konza Tech City. #devbringsdev @bantigito,kenya property developer association congratulate govt kenya ground breaking konza tech city devbringsdev bantigito,0.4939,Positive,0,1,0,0,0,0,1,1
293962430512521216,2013-01-23 06:04:39+00:00,tomsleen,"Today,something exciting is happening in #Africa, the launch of Kenya's tech city &amp; silicon savanna #konza city. Congrats #Kenya",today something exciting happen africa launch kenya tech city amp savanna konza city congrats kenya,0.765,Positive,0,2,0,0,0,0,0,0
293677468353720320,2013-01-22 11:12:19+00:00,CR_Kenya,Poghisio appoints Konza City board members as Kibaki is set to launch the Sh850bn tech city tomorrow.... http://t.co/kxr7WiOP,poghisio appoints konza city board member kibaki set launch sh850bn tech city tomorrow,0.0,Neutral,0,3,0,0,0,0,0,0
293303284637241344,2013-01-21 10:25:27+00:00,dev_Hub,Africa's silicon Savannah -Konza tech city launch scheduled for Wed 23rd January 2013 in Kenya by the president Kibaki. http://t.co/diIdVbbD,africa silicon savannah tech city launch schedule wed january kenya president kibaki,0.0,Neutral,0,1,0,0,0,0,0,0
289605259637174272,2013-01-11 05:30:49+00:00,KalanThinks,"Three lessons from Kenya’s tech success http://t.co/EU1fIxMS @quartznews - bit optimistic, especially on Konza city… launching this month?",lesson kenya tech success bit optimistic especially konza city… launch month,0.7184,Positive,0,3,0,0,1,0,0,2
